rosbagTimestamp,header,seq,stamp,secs,nsecs,frame_id,axes,buttons
1682468242028327652,,77921,,1682468242,26971095,"""joystick""","[0.0, 0.0, -1.0, 0.0, 0.0, -1.0, 0.0, 0.0]","[0, 0, 0, 0, 1, 0, 0, 0, 0, 0, 0, 0, 0, 0]"
1682468242062114518,,77922,,1682468242,60280485,"""joystick""","[0.0, 0.0, -1.0, 0.0, 0.0, -1.0, 0.0, 0.0]","[0, 0, 0, 0, 1, 0, 0, 0, 0, 0, 0, 0, 0, 0]"
1682468242096089769,,77923,,1682468242,94014582,"""joystick""","[0.0, 0.0, -1.0, 0.0, 0.0, -1.0, 0.0, 0.0]","[0, 0, 0, 0, 1, 0, 0, 0, 0, 0, 0, 0, 0, 0]"
1682468242129180661,,77924,,1682468242,127031361,"""joystick""","[0.0, 0.0, -1.0, 0.0, 0.0, -1.0, 0.0, 0.0]","[0, 0, 0, 0, 1, 0, 0, 0, 0, 0, 0, 0, 0, 0]"
1682468242161255319,,77925,,1682468242,160336911,"""joystick""","[0.0, 0.0, -1.0, 0.0, 0.0, -1.0, 0.0, 0.0]","[0, 0, 0, 0, 1, 0, 0, 0, 0, 0, 0, 0, 0, 0]"
1682468242198188390,,77926,,1682468242,194542917,"""joystick""","[0.0, 0.0, -1.0, 0.0, 0.0, -1.0, 0.0, 0.0]","[0, 0, 0, 0, 1, 0, 0, 0, 0, 0, 0, 0, 0, 0]"
1682468242229652963,,77927,,1682468242,227298286,"""joystick""","[0.0, 0.0, -1.0, 0.0, 0.0, -1.0, 0.0, 0.0]","[0, 0, 0, 0, 1, 0, 0, 0, 0, 0, 0, 0, 0, 0]"
1682468242261651109,,77928,,1682468242,260420985,"""joystick""","[0.0, 0.0, -1.0, 0.0, 0.0, -1.0, 0.0, 0.0]","[0, 0, 0, 0, 1, 0, 0, 0, 0, 0, 0, 0, 0, 0]"
1682468242295356118,,77929,,1682468242,293941449,"""joystick""","[0.0, 0.0, -1.0, 0.0, 0.0, -1.0, 0.0, 0.0]","[0, 0, 0, 0, 1, 0, 0, 0, 0, 0, 0, 0, 0, 0]"
1682468242330179473,,77930,,1682468242,327099317,"""joystick""","[0.0, 0.0, -1.0, 0.0, 0.0, -1.0, 0.0, 0.0]","[0, 0, 0, 0, 1, 0, 0, 0, 0, 0, 0, 0, 0, 0]"
1682468242364445768,,77931,,1682468242,360400227,"""joystick""","[0.0, 0.0, -1.0, 0.0, 0.0, -1.0, 0.0, 0.0]","[0, 0, 0, 0, 1, 0, 0, 0, 0, 0, 0, 0, 0, 0]"
1682468242396332744,,77932,,1682468242,393805713,"""joystick""","[0.0, 0.0, -1.0, 0.0, 0.0, -1.0, 0.0, 0.0]","[0, 0, 0, 0, 1, 0, 0, 0, 0, 0, 0, 0, 0, 0]"
1682468242429924601,,77933,,1682468242,427096287,"""joystick""","[0.0, 0.0, -1.0, 0.0, 0.0, -1.0, 0.0, 0.0]","[0, 0, 0, 0, 1, 0, 0, 0, 0, 0, 0, 0, 0, 0]"
1682468242461737433,,77934,,1682468242,460283883,"""joystick""","[0.0, 0.0, -1.0, 0.0, 0.0, -1.0, 0.0, 0.0]","[0, 0, 0, 0, 1, 0, 0, 0, 0, 0, 0, 0, 0, 0]"
1682468242498634407,,77935,,1682468242,493776731,"""joystick""","[0.0, 0.0, -1.0, 0.0, 0.0, -1.0, 0.0, 0.0]","[0, 0, 0, 0, 1, 0, 0, 0, 0, 0, 0, 0, 0, 0]"
1682468242528739735,,77936,,1682468242,527059016,"""joystick""","[0.0, 0.0, -1.0, 0.0, 0.0, -1.0, 0.0, 0.0]","[0, 0, 0, 0, 1, 0, 0, 0, 0, 0, 0, 0, 0, 0]"
1682468242563672660,,77937,,1682468242,560378358,"""joystick""","[0.0, 0.0, -1.0, 0.0, 0.0, -1.0, 0.0, 0.0]","[0, 0, 0, 0, 1, 0, 0, 0, 0, 0, 0, 0, 0, 0]"
1682468242596133018,,77938,,1682468242,593842949,"""joystick""","[0.0, 0.0, -1.0, 0.0, 0.0, -1.0, 0.0, 0.0]","[0, 0, 0, 0, 1, 0, 0, 0, 0, 0, 0, 0, 0, 0]"
1682468242630409904,,77939,,1682468242,626996241,"""joystick""","[0.0, 0.0, -1.0, 0.0, 0.0, -1.0, 0.0, 0.0]","[0, 0, 0, 0, 1, 0, 0, 0, 0, 0, 0, 0, 0, 0]"
1682468242661381257,,77940,,1682468242,660258974,"""joystick""","[0.0, 0.0, -1.0, 0.0, 0.0, -1.0, 0.0, 0.0]","[0, 0, 0, 0, 1, 0, 0, 0, 0, 0, 0, 0, 0, 0]"
1682468242695202523,,77941,,1682468242,693778926,"""joystick""","[0.0, 0.0, -1.0, 0.0, 0.0, -1.0, 0.0, 0.0]","[0, 0, 0, 0, 1, 0, 0, 0, 0, 0, 0, 0, 0, 0]"
1682468242728976621,,77942,,1682468242,727110716,"""joystick""","[0.0, 0.0, -1.0, 0.0, 0.0, -1.0, 0.0, 0.0]","[0, 0, 0, 0, 1, 0, 0, 0, 0, 0, 0, 0, 0, 0]"
1682468242762591837,,77943,,1682468242,760616971,"""joystick""","[0.0, 0.0, -1.0, 0.0, 0.0, -1.0, 0.0, 0.0]","[0, 0, 0, 0, 1, 0, 0, 0, 0, 0, 0, 0, 0, 0]"
1682468242795393766,,77944,,1682468242,793878233,"""joystick""","[0.0, 0.0, -1.0, 0.0, 0.0, -1.0, 0.0, 0.0]","[0, 0, 0, 0, 1, 0, 0, 0, 0, 0, 0, 0, 0, 0]"
1682468242832090035,,77945,,1682468242,827002277,"""joystick""","[0.0, 0.0, -1.0, 0.0, 0.0, -1.0, 0.0, 0.0]","[0, 0, 0, 0, 1, 0, 0, 0, 0, 0, 0, 0, 0, 0]"
1682468242862130147,,77946,,1682468242,860531668,"""joystick""","[0.0, 0.0, -1.0, 0.0, 0.0, -1.0, 0.0, 0.0]","[0, 0, 0, 0, 1, 0, 0, 0, 0, 0, 0, 0, 0, 0]"
1682468242897042399,,77947,,1682468242,893873730,"""joystick""","[0.0, 0.0, -1.0, 0.0, 0.0, -1.0, 0.0, 0.0]","[0, 0, 0, 0, 1, 0, 0, 0, 0, 0, 0, 0, 0, 0]"
1682468242930468750,,77948,,1682468242,927145391,"""joystick""","[0.0, 0.0, -1.0, 0.0, 0.0, -1.0, 0.0, 0.0]","[0, 0, 0, 0, 1, 0, 0, 0, 0, 0, 0, 0, 0, 0]"
1682468242962119372,,77949,,1682468242,960321404,"""joystick""","[0.0, 0.0, -1.0, 0.0, 0.0, -1.0, 0.0, 0.0]","[0, 0, 0, 0, 1, 0, 0, 0, 0, 0, 0, 0, 0, 0]"
1682468242998157683,,77950,,1682468242,993844459,"""joystick""","[0.0, 0.0, -1.0, 0.0, 0.0, -1.0, 0.0, 0.0]","[0, 0, 0, 0, 1, 0, 0, 0, 0, 0, 0, 0, 0, 0]"
1682468243028678183,,77951,,1682468243,27021656,"""joystick""","[0.0, 0.0, -1.0, 0.0, 0.0, -1.0, 0.0, 0.0]","[0, 0, 0, 0, 1, 0, 0, 0, 0, 0, 0, 0, 0, 0]"
1682468243061074796,,77952,,1682468243,60199268,"""joystick""","[0.0, 0.0, -1.0, 0.0, 0.0, -1.0, 0.0, 0.0]","[0, 0, 0, 0, 1, 0, 0, 0, 0, 0, 0, 0, 0, 0]"
1682468243095002624,,77953,,1682468243,93708084,"""joystick""","[0.0, 0.0, -1.0, 0.0, 0.0, -1.0, 0.0, 0.0]","[0, 0, 0, 0, 1, 0, 0, 0, 0, 0, 0, 0, 0, 0]"
1682468243131402857,,77954,,1682468243,127145539,"""joystick""","[0.0, 0.0, -1.0, 0.0, 0.0, -1.0, 0.0, 0.0]","[0, 0, 0, 0, 1, 0, 0, 0, 0, 0, 0, 0, 0, 0]"
1682468243162853926,,77955,,1682468243,160633778,"""joystick""","[0.0, 0.0, -1.0, 0.0, 0.0, -1.0, 0.0, 0.0]","[0, 0, 0, 0, 1, 0, 0, 0, 0, 0, 0, 0, 0, 0]"
1682468243198106821,,77956,,1682468243,196540535,"""joystick""","[0.0, 0.0, -1.0, 0.0, -0.2062135636806488, -1.0, 0.0, 0.0]","[0, 0, 0, 0, 1, 0, 0, 0, 0, 0, 0, 0, 0, 0]"
1682468243232193818,,77957,,1682468243,229945990,"""joystick""","[0.0, 0.0, -1.0, 0.0, -1.0, -1.0, 0.0, 0.0]","[0, 0, 0, 0, 1, 0, 0, 0, 0, 0, 0, 0, 0, 0]"
1682468243261659429,,77958,,1682468243,260308409,"""joystick""","[0.0, 0.0, -1.0, 0.0, -1.0, -1.0, 0.0, 0.0]","[0, 0, 0, 0, 1, 0, 0, 0, 0, 0, 0, 0, 0, 0]"
1682468243297053638,,77959,,1682468243,293891561,"""joystick""","[0.0, 0.0, -1.0, 0.0, -1.0, -1.0, 0.0, 0.0]","[0, 0, 0, 0, 1, 0, 0, 0, 0, 0, 0, 0, 0, 0]"
1682468243329574828,,77960,,1682468243,327200631,"""joystick""","[0.0, 0.0, -1.0, 0.0, -1.0, -1.0, 0.0, 0.0]","[0, 0, 0, 0, 1, 0, 0, 0, 0, 0, 0, 0, 0, 0]"
1682468243362265076,,77961,,1682468243,360436772,"""joystick""","[0.0, 0.0, -1.0, 0.0, -1.0, -1.0, 0.0, 0.0]","[0, 0, 0, 0, 1, 0, 0, 0, 0, 0, 0, 0, 0, 0]"
1682468243440078645,,77962,,1682468243,436770711,"""joystick""","[1.0, 0.0, -1.0, 0.0, -1.0, -1.0, 0.0, 0.0]","[0, 0, 0, 0, 1, 0, 0, 0, 0, 0, 0, 0, 0, 0]"
1682468243442077063,,77963,,1682468243,439935700,"""joystick""","[1.0, 0.0, -1.0, 0.0, -1.0, -1.0, 0.0, 0.0]","[0, 0, 0, 0, 1, 0, 0, 0, 0, 0, 0, 0, 0, 0]"
1682468243476094715,,77964,,1682468243,472884670,"""joystick""","[1.0, 0.0, -1.0, 0.0, -1.0, -1.0, 0.0, 0.0]","[0, 0, 0, 0, 1, 0, 0, 0, 0, 0, 0, 0, 0, 0]"
1682468243509165735,,77965,,1682468243,506460014,"""joystick""","[1.0, 0.0, -1.0, 0.0, -1.0, -1.0, 0.0, 0.0]","[0, 0, 0, 0, 1, 0, 0, 0, 0, 0, 0, 0, 0, 0]"
1682468243541974768,,77966,,1682468243,539628474,"""joystick""","[1.0, 0.0, -1.0, 0.0, -1.0, -1.0, 0.0, 0.0]","[0, 0, 0, 0, 1, 0, 0, 0, 0, 0, 0, 0, 0, 0]"
1682468243574735800,,77967,,1682468243,572738982,"""joystick""","[1.0, 0.0, -1.0, 0.0, -1.0, -1.0, 0.0, 0.0]","[0, 0, 0, 0, 1, 0, 0, 0, 0, 0, 0, 0, 0, 0]"
1682468243606980860,,77968,,1682468243,606039860,"""joystick""","[1.0, 0.0, -1.0, 0.0, -1.0, -1.0, 0.0, 0.0]","[0, 0, 0, 0, 1, 0, 0, 0, 0, 0, 0, 0, 0, 0]"
1682468243641013041,,77969,,1682468243,639325537,"""joystick""","[1.0, 0.0, -1.0, 0.0, -1.0, -1.0, 0.0, 0.0]","[0, 0, 0, 0, 1, 0, 0, 0, 0, 0, 0, 0, 0, 0]"
1682468243674126493,,77970,,1682468243,673029587,"""joystick""","[1.0, 0.0, -1.0, 0.0, -1.0, -1.0, 0.0, 0.0]","[0, 0, 0, 0, 1, 0, 0, 0, 0, 0, 0, 0, 0, 0]"
1682468243706552066,,77971,,1682468243,705963709,"""joystick""","[1.0, 0.0, -1.0, 0.0, -1.0, -1.0, 0.0, 0.0]","[0, 0, 0, 0, 1, 0, 0, 0, 0, 0, 0, 0, 0, 0]"
1682468243740173587,,77972,,1682468243,739376363,"""joystick""","[1.0, 0.0, -1.0, 0.0, -1.0, -1.0, 0.0, 0.0]","[0, 0, 0, 0, 1, 0, 0, 0, 0, 0, 0, 0, 0, 0]"
1682468243773543969,,77973,,1682468243,772715769,"""joystick""","[1.0, 0.0, -1.0, 0.0, -1.0, -1.0, 0.0, 0.0]","[0, 0, 0, 0, 1, 0, 0, 0, 0, 0, 0, 0, 0, 0]"
1682468243807864792,,77974,,1682468243,806146824,"""joystick""","[1.0, 0.0, -1.0, 0.0, -1.0, -1.0, 0.0, 0.0]","[0, 0, 0, 0, 1, 0, 0, 0, 0, 0, 0, 0, 0, 0]"
1682468243843361657,,77975,,1682468243,841377319,"""joystick""","[0.9793999791145325, 0.0, -1.0, 0.0, -1.0, -1.0, 0.0, 0.0]","[0, 0, 0, 0, 1, 0, 0, 0, 0, 0, 0, 0, 0, 0]"
1682468243886358303,,77976,,1682468243,885090291,"""joystick""","[0.0, 0.0, -1.0, 0.0, -1.0, -1.0, 0.0, 0.0]","[0, 0, 0, 0, 1, 0, 0, 0, 0, 0, 0, 0, 0, 0]"
1682468243908617288,,77977,,1682468243,907001946,"""joystick""","[0.0, 0.0, -1.0, 0.0, -1.0, -1.0, 0.0, 0.0]","[0, 0, 0, 0, 1, 0, 0, 0, 0, 0, 0, 0, 0, 0]"
1682468243941138863,,77978,,1682468243,939409503,"""joystick""","[0.0, 0.0, -1.0, 0.0, -1.0, -1.0, 0.0, 0.0]","[0, 0, 0, 0, 1, 0, 0, 0, 0, 0, 0, 0, 0, 0]"
1682468243974142394,,77979,,1682468243,972762893,"""joystick""","[0.0, 0.0, -1.0, 0.0, -1.0, -1.0, 0.0, 0.0]","[0, 0, 0, 0, 1, 0, 0, 0, 0, 0, 0, 0, 0, 0]"
1682468244012806808,,77980,,1682468244,6949475,"""joystick""","[0.0, 0.0, -1.0, 0.0, -1.0, -1.0, 0.0, 0.0]","[0, 0, 0, 0, 1, 0, 0, 0, 0, 0, 0, 0, 0, 0]"
1682468244041517052,,77981,,1682468244,39735596,"""joystick""","[0.0, 0.0, -1.0, 0.0, -1.0, -1.0, 0.0, 0.0]","[0, 0, 0, 0, 1, 0, 0, 0, 0, 0, 0, 0, 0, 0]"
1682468244074107619,,77982,,1682468244,73011801,"""joystick""","[0.0, 0.0, -1.0, 0.0, -1.0, -1.0, 0.0, 0.0]","[0, 0, 0, 0, 1, 0, 0, 0, 0, 0, 0, 0, 0, 0]"
1682468244108131383,,77983,,1682468244,106209734,"""joystick""","[0.0, 0.0, -1.0, 0.0, -1.0, -1.0, 0.0, 0.0]","[0, 0, 0, 0, 1, 0, 0, 0, 0, 0, 0, 0, 0, 0]"
1682468244141123938,,77984,,1682468244,139424243,"""joystick""","[0.0, 0.0, -1.0, 0.0, -1.0, -1.0, 0.0, 0.0]","[0, 0, 0, 0, 1, 0, 0, 0, 0, 0, 0, 0, 0, 0]"
1682468244175648187,,77985,,1682468244,173029987,"""joystick""","[0.0, 0.0, -1.0, 0.0, -1.0, -1.0, 0.0, 0.0]","[0, 0, 0, 0, 1, 0, 0, 0, 0, 0, 0, 0, 0, 0]"
1682468244209454189,,77986,,1682468244,206241808,"""joystick""","[0.0, 0.0, -1.0, 0.0, -1.0, -1.0, 0.0, 0.0]","[0, 0, 0, 0, 1, 0, 0, 0, 0, 0, 0, 0, 0, 0]"
1682468244243273471,,77987,,1682468244,239649438,"""joystick""","[0.0, 0.0, -1.0, 0.0, -1.0, -1.0, 0.0, 0.0]","[0, 0, 0, 0, 1, 0, 0, 0, 0, 0, 0, 0, 0, 0]"
1682468244276603245,,77988,,1682468244,272918924,"""joystick""","[0.0, 0.0, -1.0, 0.0, -1.0, -1.0, 0.0, 0.0]","[0, 0, 0, 0, 1, 0, 0, 0, 0, 0, 0, 0, 0, 0]"
1682468244310087036,,77989,,1682468244,306320762,"""joystick""","[0.0, 0.0, -1.0, 0.0, -1.0, -1.0, 0.0, 0.0]","[0, 0, 0, 0, 1, 0, 0, 0, 0, 0, 0, 0, 0, 0]"
1682468244343400170,,77990,,1682468244,339654216,"""joystick""","[0.0, 0.0, -1.0, 0.0, -1.0, -1.0, 0.0, 0.0]","[0, 0, 0, 0, 1, 0, 0, 0, 0, 0, 0, 0, 0, 0]"
1682468244376430197,,77991,,1682468244,372899829,"""joystick""","[0.0, 0.0, -1.0, 0.0, -1.0, -1.0, 0.0, 0.0]","[0, 0, 0, 0, 1, 0, 0, 0, 0, 0, 0, 0, 0, 0]"
1682468244410593931,,77992,,1682468244,406356292,"""joystick""","[0.0, 0.0, -1.0, 0.0, -1.0, -1.0, 0.0, 0.0]","[0, 0, 0, 0, 1, 0, 0, 0, 0, 0, 0, 0, 0, 0]"
1682468244442521068,,77993,,1682468244,439689138,"""joystick""","[0.0, 0.0, -1.0, 0.0, -1.0, -1.0, 0.0, 0.0]","[0, 0, 0, 0, 1, 0, 0, 0, 0, 0, 0, 0, 0, 0]"
1682468244474415693,,77994,,1682468244,472853343,"""joystick""","[0.0, 0.0, -1.0, 0.0, -1.0, -1.0, 0.0, 0.0]","[0, 0, 0, 0, 1, 0, 0, 0, 0, 0, 0, 0, 0, 0]"
1682468244509951055,,77995,,1682468244,506260845,"""joystick""","[0.0, 0.0, -1.0, 0.0, -1.0, -1.0, 0.0, 0.0]","[0, 0, 0, 0, 1, 0, 0, 0, 0, 0, 0, 0, 0, 0]"
1682468244542982458,,77996,,1682468244,539863645,"""joystick""","[0.0, 0.0, -1.0, 0.0, -1.0, -1.0, 0.0, 0.0]","[0, 0, 0, 0, 1, 0, 0, 0, 0, 0, 0, 0, 0, 0]"
1682468244574903547,,77997,,1682468244,572942665,"""joystick""","[0.0, 0.0, -1.0, 0.0, -1.0, -1.0, 0.0, 0.0]","[0, 0, 0, 0, 1, 0, 0, 0, 0, 0, 0, 0, 0, 0]"
1682468244606921821,,77998,,1682468244,606066581,"""joystick""","[0.0, 0.0, -1.0, 0.0, -1.0, -1.0, 0.0, 0.0]","[0, 0, 0, 0, 1, 0, 0, 0, 0, 0, 0, 0, 0, 0]"
1682468244640881712,,77999,,1682468244,639402371,"""joystick""","[0.0, 0.0, -1.0, 0.0, -1.0, -1.0, 0.0, 0.0]","[0, 0, 0, 0, 1, 0, 0, 0, 0, 0, 0, 0, 0, 0]"
1682468244674497377,,78000,,1682468244,672917203,"""joystick""","[0.0, 0.0, -1.0, 0.0, -1.0, -1.0, 0.0, 0.0]","[0, 0, 0, 0, 1, 0, 0, 0, 0, 0, 0, 0, 0, 0]"
1682468244707853903,,78001,,1682468244,706174176,"""joystick""","[0.0, 0.0, -1.0, 0.0, -1.0, -1.0, 0.0, 0.0]","[0, 0, 0, 0, 1, 0, 0, 0, 0, 0, 0, 0, 0, 0]"
1682468244741776962,,78002,,1682468244,739578670,"""joystick""","[0.0, 0.0, -1.0, 0.0, -1.0, -1.0, 0.0, 0.0]","[0, 0, 0, 0, 1, 0, 0, 0, 0, 0, 0, 0, 0, 0]"
1682468244774725133,,78003,,1682468244,773211487,"""joystick""","[0.0, 0.0, -1.0, 0.0, -1.0, -1.0, 0.0, 0.0]","[0, 0, 0, 0, 1, 0, 0, 0, 0, 0, 0, 0, 0, 0]"
1682468244808419774,,78004,,1682468244,806093545,"""joystick""","[0.0, 0.0, -1.0, 0.0, -1.0, -1.0, 0.0, 0.0]","[0, 0, 0, 0, 1, 0, 0, 0, 0, 0, 0, 0, 0, 0]"
1682468244840638658,,78005,,1682468244,839353750,"""joystick""","[0.0, 0.0, -1.0, 0.0, -1.0, -1.0, 0.0, 0.0]","[0, 0, 0, 0, 1, 0, 0, 0, 0, 0, 0, 0, 0, 0]"
1682468244874010032,,78006,,1682468244,872725220,"""joystick""","[0.0, 0.0, -1.0, 0.0, -1.0, -1.0, 0.0, 0.0]","[0, 0, 0, 0, 1, 0, 0, 0, 0, 0, 0, 0, 0, 0]"
1682468244911106944,,78007,,1682468244,906219444,"""joystick""","[0.0, 0.0, -1.0, 0.0, -1.0, -1.0, 0.0, 0.0]","[0, 0, 0, 0, 1, 0, 0, 0, 0, 0, 0, 0, 0, 0]"
1682468244942788287,,78008,,1682468244,939625154,"""joystick""","[0.0, 0.0, -1.0, 0.0, -1.0, -1.0, 0.0, 0.0]","[0, 0, 0, 0, 1, 0, 0, 0, 0, 0, 0, 0, 0, 0]"
1682468244977023349,,78009,,1682468244,973053681,"""joystick""","[0.0, 0.0, -1.0, 0.0, -1.0, -1.0, 0.0, 0.0]","[0, 0, 0, 0, 1, 0, 0, 0, 0, 0, 0, 0, 0, 0]"
1682468245009560668,,78010,,1682468245,6318366,"""joystick""","[0.0, 0.0, -1.0, 0.0, -1.0, -1.0, 0.0, 0.0]","[0, 0, 0, 0, 1, 0, 0, 0, 0, 0, 0, 0, 0, 0]"
1682468245041890016,,78011,,1682468245,39665644,"""joystick""","[0.0, 0.0, -1.0, 0.0, -1.0, -1.0, 0.0, 0.0]","[0, 0, 0, 0, 1, 0, 0, 0, 0, 0, 0, 0, 0, 0]"
1682468245074827563,,78012,,1682468245,72999674,"""joystick""","[0.0, 0.0, -1.0, 0.0, -1.0, -1.0, 0.0, 0.0]","[0, 0, 0, 0, 1, 0, 0, 0, 0, 0, 0, 0, 0, 0]"
1682468245110024874,,78013,,1682468245,106216423,"""joystick""","[0.0, 0.0, -1.0, 0.0, -1.0, -1.0, 0.0, 0.0]","[0, 0, 0, 0, 1, 0, 0, 0, 0, 0, 0, 0, 0, 0]"
1682468245142195981,,78014,,1682468245,139698934,"""joystick""","[0.0, 0.0, -1.0, 0.0, -1.0, -1.0, 0.0, 0.0]","[0, 0, 0, 0, 1, 0, 0, 0, 0, 0, 0, 0, 0, 0]"
1682468245202806834,,78015,,1682468245,201310628,"""joystick""","[-0.39176610112190247, 0.0, -1.0, 0.0, -1.0, -1.0, 0.0, 0.0]","[0, 0, 0, 0, 1, 0, 0, 0, 0, 0, 0, 0, 0, 0]"
1682468245208174019,,78016,,1682468245,206567476,"""joystick""","[-0.443342387676239, 0.0, -1.0, 0.0, -1.0, -1.0, 0.0, 0.0]","[0, 0, 0, 0, 1, 0, 0, 0, 0, 0, 0, 0, 0, 0]"
1682468245241951765,,78017,,1682468245,240898059,"""joystick""","[-1.0, 0.0, -1.0, 0.0, -1.0, -1.0, 0.0, 0.0]","[0, 0, 0, 0, 1, 0, 0, 0, 0, 0, 0, 0, 0, 0]"
1682468245278022619,,78018,,1682468245,273059150,"""joystick""","[-1.0, 0.0, -1.0, 0.0, -1.0, -1.0, 0.0, 0.0]","[0, 0, 0, 0, 1, 0, 0, 0, 0, 0, 0, 0, 0, 0]"
1682468245311028710,,78019,,1682468245,306875585,"""joystick""","[-1.0, 0.0, -1.0, 0.0, -1.0, -1.0, 0.0, 0.0]","[0, 0, 0, 0, 1, 0, 0, 0, 0, 0, 0, 0, 0, 0]"
1682468245341825117,,78020,,1682468245,339819275,"""joystick""","[-1.0, 0.0, -1.0, 0.0, -1.0, -1.0, 0.0, 0.0]","[0, 0, 0, 0, 1, 0, 0, 0, 0, 0, 0, 0, 0, 0]"
1682468245376039603,,78021,,1682468245,373022712,"""joystick""","[-1.0, 0.0, -1.0, 0.0, -1.0, -1.0, 0.0, 0.0]","[0, 0, 0, 0, 1, 0, 0, 0, 0, 0, 0, 0, 0, 0]"
1682468245410701677,,78022,,1682468245,406312261,"""joystick""","[-1.0, 0.0, -1.0, 0.0, -1.0, -1.0, 0.0, 0.0]","[0, 0, 0, 0, 1, 0, 0, 0, 0, 0, 0, 0, 0, 0]"
1682468245443347349,,78023,,1682468245,439624979,"""joystick""","[-1.0, 0.0, -1.0, 0.0, -1.0, -1.0, 0.0, 0.0]","[0, 0, 0, 0, 1, 0, 0, 0, 0, 0, 0, 0, 0, 0]"
1682468245476581858,,78024,,1682468245,472909760,"""joystick""","[-1.0, 0.0, -1.0, 0.0, -1.0, -1.0, 0.0, 0.0]","[0, 0, 0, 0, 1, 0, 0, 0, 0, 0, 0, 0, 0, 0]"
1682468245509817999,,78025,,1682468245,506255854,"""joystick""","[-1.0, 0.0, -1.0, 0.0, -1.0, -1.0, 0.0, 0.0]","[0, 0, 0, 0, 1, 0, 0, 0, 0, 0, 0, 0, 0, 0]"
1682468245543714946,,78026,,1682468245,539810814,"""joystick""","[-1.0, 0.0, -1.0, 0.0, -1.0, -1.0, 0.0, 0.0]","[0, 0, 0, 0, 1, 0, 0, 0, 0, 0, 0, 0, 0, 0]"
1682468245574962205,,78027,,1682468245,572958603,"""joystick""","[-1.0, 0.0, -1.0, 0.0, -1.0, -1.0, 0.0, 0.0]","[0, 0, 0, 0, 1, 0, 0, 0, 0, 0, 0, 0, 0, 0]"
1682468245607380066,,78028,,1682468245,606122647,"""joystick""","[-1.0, 0.0, -1.0, 0.0, -1.0, -1.0, 0.0, 0.0]","[0, 0, 0, 0, 1, 0, 0, 0, 0, 0, 0, 0, 0, 0]"
1682468245642229054,,78029,,1682468245,639786824,"""joystick""","[-1.0, 0.0, -1.0, 0.0, -1.0, -1.0, 0.0, 0.0]","[0, 0, 0, 0, 1, 0, 0, 0, 0, 0, 0, 0, 0, 0]"
1682468245676489012,,78030,,1682468245,674240416,"""joystick""","[-1.0, 0.0, -1.0, 0.0, -1.0, -1.0, 0.0, 0.0]","[0, 0, 0, 0, 1, 0, 0, 0, 0, 0, 0, 0, 0, 0]"
1682468245717801547,,78031,,1682468245,716388318,"""joystick""","[0.0, 0.0, -1.0, 0.0, -1.0, -1.0, 0.0, 0.0]","[0, 0, 0, 0, 1, 0, 0, 0, 0, 0, 0, 0, 0, 0]"
1682468245742385033,,78032,,1682468245,739617456,"""joystick""","[0.0, 0.0, -1.0, 0.0, -1.0, -1.0, 0.0, 0.0]","[0, 0, 0, 0, 1, 0, 0, 0, 0, 0, 0, 0, 0, 0]"
1682468245777542952,,78033,,1682468245,773324258,"""joystick""","[0.0, 0.0, -1.0, 0.0, -1.0, -1.0, 0.0, 0.0]","[0, 0, 0, 0, 1, 0, 0, 0, 0, 0, 0, 0, 0, 0]"
1682468245810669236,,78034,,1682468245,808011068,"""joystick""","[0.0, 0.0, -1.0, 0.0, -1.0, -1.0, 0.0, 0.0]","[0, 0, 0, 0, 1, 0, 0, 0, 0, 0, 0, 0, 0, 0]"
1682468245843400316,,78035,,1682468245,839623290,"""joystick""","[0.0, 0.0, -1.0, 0.0, -1.0, -1.0, 0.0, 0.0]","[0, 0, 0, 0, 1, 0, 0, 0, 0, 0, 0, 0, 0, 0]"
1682468245874661911,,78036,,1682468245,872811687,"""joystick""","[0.0, 0.0, -1.0, 0.0, -1.0, -1.0, 0.0, 0.0]","[0, 0, 0, 0, 1, 0, 0, 0, 0, 0, 0, 0, 0, 0]"
1682468245910176537,,78037,,1682468245,906383575,"""joystick""","[0.0, 0.0, -1.0, 0.0, -1.0, -1.0, 0.0, 0.0]","[0, 0, 0, 0, 1, 0, 0, 0, 0, 0, 0, 0, 0, 0]"
1682468245981819426,,78038,,1682468245,977601212,"""joystick""","[-1.0, 0.02059999480843544, -1.0, 0.0, -1.0, -1.0, 0.0, 0.0]","[0, 0, 0, 0, 1, 0, 0, 0, 0, 0, 0, 0, 0, 0]"
1682468245986449772,,78039,,1682468245,985134176,"""joystick""","[-1.0, 0.02059999480843544, -1.0, 0.0, -1.0, -1.0, 0.0, 0.0]","[0, 0, 0, 0, 1, 0, 0, 0, 0, 0, 0, 0, 0, 0]"
1682468246021584906,,78040,,1682468246,18371917,"""joystick""","[-1.0, 0.02059999480843544, -1.0, 0.0, -1.0, -1.0, 0.0, 0.0]","[0, 0, 0, 0, 1, 0, 0, 0, 0, 0, 0, 0, 0, 0]"
1682468246050560721,,78041,,1682468246,48148731,"""joystick""","[-1.0, 0.02059999480843544, -1.0, 0.0, -1.0, -1.0, 0.0, 0.0]","[0, 0, 0, 0, 1, 0, 0, 0, 0, 0, 0, 0, 0, 0]"
1682468246096374768,,78042,,1682468246,93938234,"""joystick""","[-1.0, 0.0, 1.0, 0.0, -1.0, -1.0, 0.0, 0.0]","[0, 0, 0, 0, 1, 0, 1, 0, 0, 0, 0, 0, 0, 0]"
1682468246115311323,,78043,,1682468246,113755725,"""joystick""","[-1.0, 0.0, 1.0, 0.0, -1.0, -1.0, 0.0, 0.0]","[0, 0, 0, 0, 1, 0, 1, 0, 0, 0, 0, 0, 0, 0]"
1682468246150134359,,78044,,1682468246,147224828,"""joystick""","[-1.0, 0.0, 1.0, 0.0, -1.0, -1.0, 0.0, 0.0]","[0, 0, 0, 0, 1, 0, 1, 0, 0, 0, 0, 0, 0, 0]"
1682468246188203919,,78045,,1682468246,185390966,"""joystick""","[0.0, 0.0, 1.0, 0.0, -1.0, -1.0, 0.0, 0.0]","[0, 0, 0, 0, 1, 0, 1, 0, 0, 0, 0, 0, 0, 0]"
1682468246218703332,,78046,,1682468246,214230171,"""joystick""","[0.0, 0.0, 1.0, 0.0, -1.0, -1.0, 0.0, 0.0]","[0, 0, 0, 0, 1, 0, 1, 0, 0, 0, 0, 0, 0, 0]"
1682468246251330219,,78047,,1682468246,247140453,"""joystick""","[0.0, 0.0, 1.0, 0.0, -1.0, -1.0, 0.0, 0.0]","[0, 0, 0, 0, 1, 0, 1, 0, 0, 0, 0, 0, 0, 0]"
1682468246283843858,,78048,,1682468246,280702261,"""joystick""","[0.0, 0.0, 1.0, 0.0, -1.0, -1.0, 0.0, 0.0]","[0, 0, 0, 0, 1, 0, 1, 0, 0, 0, 0, 0, 0, 0]"
1682468246317882342,,78049,,1682468246,313861986,"""joystick""","[0.0, 0.0, 1.0, 0.0, -1.0, -1.0, 0.0, 0.0]","[0, 0, 0, 0, 1, 0, 1, 0, 0, 0, 0, 0, 0, 0]"
1682468246349168289,,78050,,1682468246,347043950,"""joystick""","[0.0, 0.0, 1.0, 0.0, -1.0, -1.0, 0.0, 0.0]","[0, 0, 0, 0, 1, 0, 1, 0, 0, 0, 0, 0, 0, 0]"
1682468246383071957,,78051,,1682468246,380478909,"""joystick""","[0.0, 0.0, 1.0, 0.0, -1.0, -1.0, 0.0, 0.0]","[0, 0, 0, 0, 1, 0, 1, 0, 0, 0, 0, 0, 0, 0]"
1682468246416195201,,78052,,1682468246,413848331,"""joystick""","[0.0, 0.0, 1.0, 0.0, -1.0, -1.0, 0.0, 0.0]","[0, 0, 0, 0, 1, 0, 1, 0, 0, 0, 0, 0, 0, 0]"
1682468246448699303,,78053,,1682468246,447041208,"""joystick""","[0.0, 0.0, 1.0, 0.0, -1.0, -1.0, 0.0, 0.0]","[0, 0, 0, 0, 1, 0, 1, 0, 0, 0, 0, 0, 0, 0]"
1682468246482462233,,78054,,1682468246,480385574,"""joystick""","[0.0, 0.0, 1.0, 0.0, -1.0, -1.0, 0.0, 0.0]","[0, 0, 0, 0, 1, 0, 1, 0, 0, 0, 0, 0, 0, 0]"
1682468246515417571,,78055,,1682468246,513804085,"""joystick""","[0.0, 0.0, 1.0, 0.0, -1.0, -1.0, 0.0, 0.0]","[0, 0, 0, 0, 1, 0, 1, 0, 0, 0, 0, 0, 0, 0]"
1682468246550986982,,78056,,1682468246,547074434,"""joystick""","[0.0, 0.0, 1.0, 0.0, -1.0, -1.0, 0.0, 0.0]","[0, 0, 0, 0, 1, 0, 1, 0, 0, 0, 0, 0, 0, 0]"
1682468246583006088,,78057,,1682468246,580595090,"""joystick""","[0.0, 0.0, 1.0, 0.0, -1.0, -1.0, 0.0, 0.0]","[0, 0, 0, 0, 1, 0, 1, 0, 0, 0, 0, 0, 0, 0]"
1682468246614977961,,78058,,1682468246,613965344,"""joystick""","[0.0, 0.0, 1.0, 0.0, -1.0, -1.0, 0.0, 0.0]","[0, 0, 0, 0, 1, 0, 1, 0, 0, 0, 0, 0, 0, 0]"
1682468246651038832,,78059,,1682468246,647159085,"""joystick""","[0.0, 0.0, 1.0, 0.0, -1.0, -1.0, 0.0, 0.0]","[0, 0, 0, 0, 1, 0, 1, 0, 0, 0, 0, 0, 0, 0]"
1682468246682237162,,78060,,1682468246,680465114,"""joystick""","[0.0, 0.0, 1.0, 0.0, -1.0, -1.0, 0.0, 0.0]","[0, 0, 0, 0, 1, 0, 1, 0, 0, 0, 0, 0, 0, 0]"
1682468246715311702,,78061,,1682468246,713746280,"""joystick""","[0.0, 0.0, 1.0, 0.0, -1.0, -1.0, 0.0, 0.0]","[0, 0, 0, 0, 1, 0, 1, 0, 0, 0, 0, 0, 0, 0]"
1682468246749216457,,78062,,1682468246,747036597,"""joystick""","[0.0, 0.0, 1.0, 0.0, -1.0, -1.0, 0.0, 0.0]","[0, 0, 0, 0, 1, 0, 1, 0, 0, 0, 0, 0, 0, 0]"
1682468246785256976,,78063,,1682468246,780411844,"""joystick""","[0.0, 0.0, 1.0, 0.0, -1.0, -1.0, 0.0, 0.0]","[0, 0, 0, 0, 1, 0, 1, 0, 0, 0, 0, 0, 0, 0]"
1682468246816193128,,78064,,1682468246,813855283,"""joystick""","[0.0, 0.0, 1.0, 0.0, -1.0, -1.0, 0.0, 0.0]","[0, 0, 0, 0, 1, 0, 1, 0, 0, 0, 0, 0, 0, 0]"
1682468246848957681,,78065,,1682468246,847099232,"""joystick""","[0.0, 0.0, 1.0, 0.0, -1.0, -1.0, 0.0, 0.0]","[0, 0, 0, 0, 1, 0, 1, 0, 0, 0, 0, 0, 0, 0]"
1682468246884461714,,78066,,1682468246,880572367,"""joystick""","[0.0, 0.0, 1.0, 0.0, -1.0, -1.0, 0.0, 0.0]","[0, 0, 0, 0, 1, 0, 1, 0, 0, 0, 0, 0, 0, 0]"
1682468246924390556,,78067,,1682468246,921320448,"""joystick""","[-0.1340373009443283, 0.0, 1.0, 0.0, -1.0, -1.0, 0.0, 0.0]","[0, 0, 0, 0, 1, 0, 1, 0, 0, 0, 0, 0, 0, 0]"
1682468246960768581,,78068,,1682468246,958836596,"""joystick""","[-0.5361186265945435, 0.08246101438999176, 1.0, 0.0, -1.0, -1.0, 0.0, 0.0]","[0, 0, 0, 0, 1, 0, 1, 0, 0, 0, 0, 0, 0, 0]"
1682468246983762742,,78069,,1682468246,982251176,"""joystick""","[-1.0, 0.04123050719499588, 1.0, 0.0, -1.0, -1.0, 0.0, 0.0]","[0, 0, 0, 0, 1, 0, 1, 0, 0, 0, 0, 0, 0, 0]"
1682468247075872632,,78070,,1682468247,73934439,"""joystick""","[-1.0, 0.0, 1.0, 1.0, -0.07217627763748169, -1.0, 0.0, 0.0]","[0, 0, 0, 0, 1, 0, 1, 0, 0, 0, 0, 1, 0, 0]"
1682468247084359909,,78071,,1682468247,82498068,"""joystick""","[-1.0, 0.0, 1.0, 1.0, -0.01031525619328022, -1.0, 0.0, 0.0]","[0, 0, 0, 0, 1, 0, 1, 0, 0, 0, 0, 1, 0, 0]"
1682468247113178762,,78072,,1682468247,111293081,"""joystick""","[-1.0, 0.0, 1.0, 1.0, 0.0, -1.0, 0.0, 0.0]","[0, 0, 0, 0, 1, 0, 1, 0, 0, 0, 0, 1, 0, 0]"
1682468247146142325,,78073,,1682468247,144307620,"""joystick""","[-1.0, 0.0, 1.0, 1.0, 0.0, -1.0, 0.0, 0.0]","[0, 0, 0, 0, 1, 0, 1, 0, 0, 0, 0, 1, 0, 0]"
1682468247179365794,,78074,,1682468247,177832500,"""joystick""","[-1.0, 0.0, 1.0, 1.0, 0.0, -1.0, 0.0, 0.0]","[0, 0, 0, 0, 1, 0, 1, 0, 0, 0, 0, 1, 0, 0]"
1682468247217002359,,78075,,1682468247,215100645,"""joystick""","[-1.0, 0.010284737683832645, 1.0, 1.0, 0.0, -1.0, 0.0, 0.0]","[0, 0, 0, 0, 1, 0, 1, 0, 0, 0, 0, 1, 0, 0]"
1682468247249244411,,78076,,1682468247,247824686,"""joystick""","[-1.0, 0.02059999480843544, 1.0, 1.0, 0.0, -1.0, 0.0, 0.0]","[0, 0, 0, 0, 1, 0, 1, 0, 0, 0, 0, 1, 0, 0]"
1682468247290366511,,78077,,1682468247,288820353,"""joystick""","[-1.0, 0.010284737683832645, 1.0, 1.0, 0.0, -1.0, 0.0, 0.0]","[0, 0, 0, 0, 1, 0, 1, 0, 0, 0, 0, 1, 0, 0]"
1682468247318392397,,78078,,1682468247,316176441,"""joystick""","[-1.0, 0.010284737683832645, 1.0, 1.0, 0.0, -1.0, 0.0, 0.0]","[0, 0, 0, 0, 1, 0, 1, 0, 0, 0, 0, 1, 0, 0]"
1682468247346658445,,78079,,1682468247,345193344,"""joystick""","[-1.0, 0.010284737683832645, 1.0, 1.0, 0.0, -1.0, 0.0, 0.0]","[0, 0, 0, 0, 1, 0, 1, 0, 0, 0, 0, 1, 0, 0]"
1682468247381761163,,78080,,1682468247,378300716,"""joystick""","[-1.0, 0.0, 1.0, 1.0, 0.0, -1.0, 0.0, 0.0]","[0, 0, 0, 0, 1, 0, 1, 0, 0, 0, 0, 1, 0, 0]"
1682468247415204218,,78081,,1682468247,411134581,"""joystick""","[-1.0, 0.0, 1.0, 1.0, 0.0, -1.0, 0.0, 0.0]","[0, 0, 0, 0, 1, 0, 1, 0, 0, 0, 0, 1, 0, 0]"
1682468247449399152,,78082,,1682468247,444544644,"""joystick""","[-1.0, 0.0, 1.0, 1.0, 0.0, -1.0, 0.0, 0.0]","[0, 0, 0, 0, 1, 0, 1, 0, 0, 0, 0, 1, 0, 0]"
1682468247479374815,,78083,,1682468247,477867890,"""joystick""","[-1.0, 0.0, 1.0, 1.0, 0.0, -1.0, 0.0, 0.0]","[0, 0, 0, 0, 1, 0, 1, 0, 0, 0, 0, 1, 0, 0]"
1682468247513804119,,78084,,1682468247,510979934,"""joystick""","[-1.0, 0.0, 1.0, 1.0, 0.0, -1.0, 0.0, 0.0]","[0, 0, 0, 0, 1, 0, 1, 0, 0, 0, 0, 1, 0, 0]"
1682468247549321209,,78085,,1682468247,544755280,"""joystick""","[-1.0, 0.0, 1.0, 1.0, 0.0, -1.0, 0.0, 0.0]","[0, 0, 0, 0, 1, 0, 1, 0, 0, 0, 0, 1, 0, 0]"
1682468247580617492,,78086,,1682468247,577842395,"""joystick""","[-1.0, 0.0, 1.0, 1.0, 0.0, -1.0, 0.0, 0.0]","[0, 0, 0, 0, 1, 0, 1, 0, 0, 0, 0, 1, 0, 0]"
1682468247612815832,,78087,,1682468247,611067496,"""joystick""","[-1.0, 0.0, 1.0, 1.0, 0.0, -1.0, 0.0, 0.0]","[0, 0, 0, 0, 1, 0, 1, 0, 0, 0, 0, 1, 0, 0]"
1682468247646936813,,78088,,1682468247,644544664,"""joystick""","[-1.0, 0.0, 1.0, 1.0, 0.0, -1.0, 0.0, 0.0]","[0, 0, 0, 0, 1, 0, 1, 0, 0, 0, 0, 1, 0, 0]"
1682468247679330227,,78089,,1682468247,677821989,"""joystick""","[-1.0, 0.0, 1.0, 1.0, 0.0, -1.0, 0.0, 0.0]","[0, 0, 0, 0, 1, 0, 1, 0, 0, 0, 0, 1, 0, 0]"
1682468247712907331,,78090,,1682468247,711603351,"""joystick""","[-1.0, 0.010284737683832645, 1.0, 1.0, 0.0, -1.0, 0.0, 0.0]","[0, 0, 0, 0, 1, 0, 1, 0, 0, 0, 0, 1, 0, 0]"
1682468247751734467,,78091,,1682468247,747821695,"""joystick""","[-1.0, 0.010284737683832645, 1.0, 1.0, 0.0, -1.0, 0.0, 0.0]","[0, 0, 0, 0, 1, 0, 1, 0, 0, 0, 0, 1, 0, 0]"
1682468247779707072,,78092,,1682468247,778262995,"""joystick""","[-1.0, 0.02059999480843544, 1.0, 1.0, 0.0, -1.0, 0.0, 0.0]","[0, 0, 0, 0, 1, 0, 1, 0, 0, 0, 0, 1, 0, 0]"
1682468247814653405,,78093,,1682468247,812102021,"""joystick""","[-1.0, 0.03091525100171566, 1.0, 1.0, 0.0, -1.0, 0.0, 0.0]","[0, 0, 0, 0, 1, 0, 1, 0, 0, 0, 0, 1, 0, 0]"
1682468247849368791,,78094,,1682468247,847754120,"""joystick""","[-1.0, 0.04123050719499588, 1.0, 1.0, 0.0, -1.0, 0.0, 0.0]","[0, 0, 0, 0, 1, 0, 1, 0, 0, 0, 0, 1, 0, 0]"
1682468247883653422,,78095,,1682468247,881404921,"""joystick""","[-1.0, 0.04123050719499588, 1.0, 1.0, 0.0, -1.0, 0.0, 0.0]","[0, 0, 0, 0, 1, 0, 1, 0, 0, 0, 0, 1, 0, 0]"
1682468247920115160,,78096,,1682468247,915058858,"""joystick""","[-1.0, 0.05154576152563095, 1.0, 1.0, 0.0, -1.0, 0.0, 0.0]","[0, 0, 0, 0, 1, 0, 1, 0, 0, 0, 0, 1, 0, 0]"
1682468247951786359,,78097,,1682468247,948944093,"""joystick""","[-1.0, 0.05154576152563095, 1.0, 1.0, 0.0, -1.0, 0.0, 0.0]","[0, 0, 0, 0, 1, 0, 1, 0, 0, 0, 0, 1, 0, 0]"
1682468247983035730,,78098,,1682468247,981294082,"""joystick""","[-1.0, 0.05154576152563095, 1.0, 1.0, 0.0, -1.0, 0.0, 0.0]","[0, 0, 0, 0, 1, 0, 1, 0, 0, 0, 0, 1, 0, 0]"
1682468248013250692,,78099,,1682468248,11681045,"""joystick""","[-1.0, 0.05154576152563095, 1.0, 1.0, 0.0, -1.0, 0.0, 0.0]","[0, 0, 0, 0, 1, 0, 1, 0, 0, 0, 0, 1, 0, 0]"
1682468248046207694,,78100,,1682468248,44324477,"""joystick""","[-1.0, 0.05154576152563095, 1.0, 1.0, 0.0, -1.0, 0.0, 0.0]","[0, 0, 0, 0, 1, 0, 1, 0, 0, 0, 0, 1, 0, 0]"
1682468248080561701,,78101,,1682468248,77915245,"""joystick""","[-1.0, 0.05154576152563095, 1.0, 1.0, 0.0, -1.0, 0.0, 0.0]","[0, 0, 0, 0, 1, 0, 1, 0, 0, 0, 0, 1, 0, 0]"
1682468248116517099,,78102,,1682468248,114003732,"""joystick""","[-1.0, 0.05154576152563095, 1.0, 1.0, 0.0, -1.0, 0.0, 0.0]","[0, 0, 0, 0, 1, 0, 1, 0, 0, 0, 0, 1, 0, 0]"
1682468248148750479,,78103,,1682468248,146958847,"""joystick""","[-1.0, 0.04123050719499588, 1.0, 1.0, 0.0, -1.0, 0.0, 0.0]","[0, 0, 0, 0, 1, 0, 1, 0, 0, 0, 0, 1, 0, 0]"
1682468248184455379,,78104,,1682468248,182490817,"""joystick""","[-1.0, 0.05154576152563095, 1.0, 1.0, 0.0, -1.0, 0.0, 0.0]","[0, 0, 0, 0, 1, 0, 1, 0, 0, 0, 0, 1, 0, 0]"
1682468248223337107,,78105,,1682468248,221275584,"""joystick""","[-1.0, 0.05154576152563095, 1.0, 1.0, 0.0, -1.0, 0.0, 0.0]","[0, 0, 0, 0, 1, 0, 1, 0, 0, 0, 0, 1, 0, 0]"
1682468248252796318,,78106,,1682468248,251321392,"""joystick""","[-1.0, 0.05154576152563095, 1.0, 1.0, 0.0, -1.0, 0.0, 0.0]","[0, 0, 0, 0, 1, 0, 1, 0, 0, 0, 0, 0, 0, 0]"
1682468248284576062,,78107,,1682468248,282530315,"""joystick""","[-1.0, 0.04123050719499588, 1.0, 1.0, 0.0, -1.0, 0.0, 0.0]","[0, 0, 0, 0, 1, 0, 1, 0, 0, 0, 0, 0, 0, 0]"
1682468248383285532,,78108,,1682468248,381318090,"""joystick""","[-1.0, 0.04123050719499588, 1.0, 0.5979491472244263, -1.0, -1.0, 0.0, 0.0]","[0, 0, 0, 0, 1, 0, 1, 0, 0, 0, 0, 0, 0, 0]"
1682468248405840008,,78109,,1682468248,403866390,"""joystick""","[-1.0, 0.04123050719499588, 1.0, 0.36082032322883606, -1.0, -1.0, 0.0, 0.0]","[0, 0, 0, 0, 1, 0, 1, 0, 0, 0, 0, 0, 0, 0]"
1682468248425648316,,78110,,1682468248,423818507,"""joystick""","[-1.0, 0.04123050719499588, 1.0, 0.29895931482315063, -1.0, -1.0, 0.0, 0.0]","[0, 0, 0, 0, 1, 0, 1, 0, 0, 0, 0, 0, 0, 0]"
1682468248460854074,,78111,,1682468248,458780872,"""joystick""","[-1.0, 0.04123050719499588, 1.0, 0.29895931482315063, -1.0, -1.0, 0.0, 0.0]","[0, 0, 0, 0, 1, 0, 1, 0, 0, 0, 0, 0, 0, 0]"
1682468248493482018,,78112,,1682468248,491262446,"""joystick""","[-1.0, 0.04123050719499588, 1.0, 0.2061830461025238, -1.0, -1.0, 0.0, 0.0]","[0, 0, 0, 0, 1, 0, 1, 0, 0, 0, 0, 0, 0, 0]"
1682468248531860318,,78113,,1682468248,530117102,"""joystick""","[-1.0, 0.04123050719499588, 1.0, 0.13400676846504211, -1.0, -1.0, 0.0, 0.0]","[0, 0, 0, 0, 1, 0, 1, 0, 0, 0, 0, 0, 0, 0]"
1682468248562856983,,78114,,1682468248,561369705,"""joystick""","[-1.0, 0.04123050719499588, 1.0, 0.13400676846504211, -1.0, -1.0, 0.0, 0.0]","[0, 0, 0, 0, 1, 0, 1, 0, 0, 0, 0, 0, 0, 0]"
1682468248589033124,,78115,,1682468248,587798616,"""joystick""","[-1.0, 0.04123050719499588, 1.0, 0.12369152158498764, -1.0, -1.0, 0.0, 0.0]","[0, 0, 0, 0, 1, 0, 1, 0, 0, 0, 0, 0, 0, 0]"
1682468248623181689,,78116,,1682468248,621068166,"""joystick""","[-1.0, 0.04123050719499588, 1.0, 0.08246101438999176, -1.0, -1.0, 0.0, 0.0]","[0, 0, 0, 0, 1, 0, 1, 0, 0, 0, 0, 0, 0, 0]"
1682468248655905025,,78117,,1682468248,655016601,"""joystick""","[-1.0, 0.04123050719499588, 1.0, 0.07214576005935669, -1.0, -1.0, 0.0, 0.0]","[0, 0, 0, 0, 1, 0, 1, 0, 0, 0, 0, 0, 0, 0]"
1682468248690353626,,78118,,1682468248,688880204,"""joystick""","[-1.0, 0.04123050719499588, 1.0, 0.07214576005935669, -1.0, -1.0, 0.0, 0.0]","[0, 0, 0, 0, 1, 0, 1, 0, 0, 0, 0, 0, 0, 0]"
1682468248723305220,,78119,,1682468248,721372947,"""joystick""","[-1.0, 0.04123050719499588, 1.0, 0.07214576005935669, -1.0, -1.0, 0.0, 0.0]","[0, 0, 0, 0, 1, 0, 1, 0, 0, 0, 0, 0, 0, 0]"
1682468248756554769,,78120,,1682468248,754089499,"""joystick""","[-1.0, 0.04123050719499588, 1.0, 0.07214576005935669, -1.0, -1.0, 0.0, 0.0]","[0, 0, 0, 0, 1, 0, 1, 0, 0, 0, 0, 0, 0, 0]"
1682468248794028261,,78121,,1682468248,790153122,"""joystick""","[-1.0, 0.04123050719499588, 1.0, 0.07214576005935669, -1.0, -1.0, 0.0, 0.0]","[0, 0, 0, 0, 1, 0, 1, 0, 0, 0, 0, 0, 0, 0]"
1682468248823330222,,78122,,1682468248,820003824,"""joystick""","[-1.0, 0.04123050719499588, 1.0, 0.07214576005935669, -1.0, -1.0, 0.0, 0.0]","[0, 0, 0, 0, 1, 0, 1, 0, 0, 0, 0, 0, 0, 0]"
1682468248860816226,,78123,,1682468248,859909306,"""joystick""","[-1.0, 0.04123050719499588, 1.0, 0.07214576005935669, -1.0, -1.0, 0.0, 0.0]","[0, 0, 0, 0, 1, 0, 1, 0, 0, 0, 0, 0, 0, 0]"
1682468248886034470,,78124,,1682468248,885214655,"""joystick""","[-1.0, 0.04123050719499588, 1.0, 0.07214576005935669, -1.0, -1.0, 0.0, 0.0]","[0, 0, 0, 0, 1, 0, 1, 0, 0, 0, 0, 0, 0, 0]"
1682468248924093407,,78125,,1682468248,921280646,"""joystick""","[-1.0, 0.04123050719499588, 1.0, 0.07214576005935669, -1.0, -1.0, 0.0, 0.0]","[0, 0, 0, 0, 1, 0, 1, 0, 0, 0, 0, 0, 0, 0]"
1682468248959671073,,78126,,1682468248,955006935,"""joystick""","[-1.0, 0.04123050719499588, 1.0, 0.07214576005935669, -1.0, -1.0, 0.0, 0.0]","[0, 0, 0, 0, 1, 0, 1, 0, 0, 0, 0, 0, 0, 0]"
1682468248993932312,,78127,,1682468248,991229471,"""joystick""","[-1.0, 0.04123050719499588, 1.0, 0.07214576005935669, -1.0, -1.0, 0.0, 0.0]","[0, 0, 0, 0, 1, 0, 1, 0, 0, 0, 0, 0, 0, 0]"
1682468249022380953,,78128,,1682468249,18898618,"""joystick""","[-1.0, 0.04123050719499588, 1.0, 0.07214576005935669, -1.0, -1.0, 0.0, 0.0]","[0, 0, 0, 0, 1, 0, 1, 0, 0, 0, 0, 0, 0, 0]"
1682468249054355003,,78129,,1682468249,52408745,"""joystick""","[-1.0, 0.04123050719499588, 1.0, 0.07214576005935669, -1.0, -1.0, 0.0, 0.0]","[0, 0, 0, 0, 1, 0, 1, 0, 0, 0, 0, 0, 0, 0]"
1682468249090362497,,78130,,1682468249,88807027,"""joystick""","[-1.0, 0.04123050719499588, 1.0, 0.07214576005935669, -1.0, -1.0, 0.0, 0.0]","[0, 0, 0, 0, 1, 0, 1, 0, 0, 0, 0, 0, 0, 0]"
1682468249124219668,,78131,,1682468249,122548869,"""joystick""","[-1.0, 0.04123050719499588, 1.0, 0.07214576005935669, -1.0, -1.0, 0.0, 0.0]","[0, 0, 0, 0, 1, 0, 1, 0, 0, 0, 0, 0, 0, 0]"
1682468249154068739,,78132,,1682468249,152657686,"""joystick""","[-1.0, 0.04123050719499588, 1.0, 0.07214576005935669, -1.0, -1.0, 0.0, 0.0]","[0, 0, 0, 0, 1, 0, 1, 0, 0, 0, 0, 0, 0, 0]"
1682468249188656540,,78133,,1682468249,186940108,"""joystick""","[-1.0, 0.04123050719499588, 1.0, 0.07214576005935669, -1.0, -1.0, 0.0, 0.0]","[0, 0, 0, 0, 1, 0, 1, 0, 0, 0, 0, 0, 0, 0]"
1682468249222050378,,78134,,1682468249,220126393,"""joystick""","[-1.0, 0.04123050719499588, 1.0, 0.07214576005935669, -1.0, -1.0, 0.0, 0.0]","[0, 0, 0, 0, 1, 0, 1, 0, 0, 0, 0, 0, 0, 0]"
1682468249256154943,,78135,,1682468249,255151734,"""joystick""","[-1.0, 0.02059999480843544, 1.0, 0.06183050200343132, -1.0, -1.0, 0.0, 0.0]","[0, 0, 0, 0, 1, 0, 1, 0, 0, 0, 0, 0, 0, 0]"
1682468249294531387,,78136,,1682468249,292563081,"""joystick""","[0.0, 0.0, 1.0, 0.06183050200343132, -1.0, -1.0, 0.0, 0.0]","[0, 0, 0, 0, 1, 0, 1, 0, 0, 0, 0, 0, 0, 0]"
1682468249320861162,,78137,,1682468249,318947160,"""joystick""","[0.0, 0.0, 1.0, 0.06183050200343132, -1.0, -1.0, 0.0, 0.0]","[0, 0, 0, 0, 1, 0, 1, 0, 0, 0, 0, 0, 0, 0]"
1682468249354127959,,78138,,1682468249,352241574,"""joystick""","[0.0, 0.0, 1.0, 0.05154576152563095, -1.0, -1.0, 0.0, 0.0]","[0, 0, 0, 0, 1, 0, 1, 0, 0, 0, 0, 0, 0, 0]"
1682468249388793169,,78139,,1682468249,385318738,"""joystick""","[0.0, 0.0, 1.0, 0.04123050719499588, -1.0, -1.0, 0.0, 0.0]","[0, 0, 0, 0, 1, 0, 1, 0, 0, 0, 0, 0, 0, 0]"
1682468249420799347,,78140,,1682468249,418737696,"""joystick""","[0.0, 0.0, 1.0, 0.04123050719499588, -1.0, -1.0, 0.0, 0.0]","[0, 0, 0, 0, 1, 0, 1, 0, 0, 0, 0, 0, 0, 0]"
1682468249456306613,,78141,,1682468249,454915944,"""joystick""","[0.0, 0.0, 1.0, 0.04123050719499588, -1.0, -1.0, 0.0, 0.0]","[0, 0, 0, 0, 1, 0, 1, 0, 0, 0, 0, 0, 0, 0]"
1682468249488393655,,78142,,1682468249,486600679,"""joystick""","[0.0, 0.0, 1.0, 0.04123050719499588, -1.0, -1.0, 0.0, 0.0]","[0, 0, 0, 0, 1, 0, 1, 0, 0, 0, 0, 0, 0, 0]"
1682468249522766735,,78143,,1682468249,521371138,"""joystick""","[0.0, 0.0, 1.0, 0.04123050719499588, -1.0, -1.0, 0.0, 0.0]","[0, 0, 0, 0, 1, 0, 1, 0, 0, 0, 0, 0, 0, 0]"
1682468249554658032,,78144,,1682468249,553041505,"""joystick""","[0.0, 0.0, 1.0, 0.04123050719499588, -1.0, -1.0, 0.0, 0.0]","[0, 0, 0, 0, 1, 0, 1, 0, 0, 0, 0, 0, 0, 0]"
1682468249592447878,,78145,,1682468249,589471051,"""joystick""","[0.0, 0.0, 1.0, 0.04123050719499588, -1.0, -1.0, 0.0, 0.0]","[0, 0, 0, 0, 1, 0, 1, 0, 0, 0, 0, 0, 0, 0]"
1682468249627254177,,78146,,1682468249,625056430,"""joystick""","[0.0, 0.0, 1.0, 0.04123050719499588, -1.0, -1.0, 0.0, 0.0]","[0, 0, 0, 0, 1, 0, 1, 0, 0, 0, 0, 0, 0, 0]"
1682468249661308438,,78147,,1682468249,660026186,"""joystick""","[0.0, 0.0, 1.0, 0.04123050719499588, -1.0, -1.0, 0.0, 0.0]","[0, 0, 0, 0, 1, 0, 1, 0, 0, 0, 0, 0, 0, 0]"
1682468249694530467,,78148,,1682468249,692621170,"""joystick""","[0.0, 0.0, 1.0, 0.04123050719499588, -1.0, -1.0, 0.0, 0.0]","[0, 0, 0, 0, 1, 0, 1, 0, 0, 0, 0, 0, 0, 0]"
1682468249722793411,,78149,,1682468249,721329654,"""joystick""","[0.0, 0.0, 1.0, 0.04123050719499588, -1.0, -1.0, 0.0, 0.0]","[0, 0, 0, 0, 1, 0, 1, 0, 0, 0, 0, 0, 0, 0]"
1682468249757821664,,78150,,1682468249,755795150,"""joystick""","[0.0, 0.0, 1.0, 0.04123050719499588, -1.0, -1.0, 0.0, 0.0]","[0, 0, 0, 0, 1, 0, 1, 0, 0, 0, 0, 0, 0, 0]"
1682468249791894261,,78151,,1682468249,790106693,"""joystick""","[0.0, 0.0, 1.0, 0.03091525100171566, -1.0, -1.0, 0.0, 0.0]","[0, 0, 0, 0, 1, 0, 1, 0, 0, 0, 0, 0, 0, 0]"
1682468249821446337,,78152,,1682468249,820040308,"""joystick""","[0.0, 0.0, 1.0, 0.04123050719499588, -1.0, -1.0, 0.0, 0.0]","[0, 0, 0, 0, 1, 0, 1, 0, 0, 0, 0, 0, 0, 0]"
1682468249855838872,,78153,,1682468249,853849862,"""joystick""","[0.0, 0.0, 1.0, 0.04123050719499588, -1.0, -1.0, 0.0, 0.0]","[0, 0, 0, 0, 1, 0, 1, 0, 0, 0, 0, 0, 0, 0]"
1682468249889190214,,78154,,1682468249,887415350,"""joystick""","[0.0, 0.0, 1.0, 0.04123050719499588, -1.0, -1.0, 0.0, 0.0]","[0, 0, 0, 0, 1, 0, 1, 0, 0, 0, 0, 0, 0, 0]"
1682468249925596688,,78155,,1682468249,924104963,"""joystick""","[0.0, 0.0, 1.0, 0.04123050719499588, -1.0, -1.0, 0.0, 0.0]","[0, 0, 0, 0, 1, 0, 1, 0, 0, 0, 0, 0, 0, 0]"
1682468249955753314,,78156,,1682468249,952717414,"""joystick""","[0.0, 0.0, 1.0, 0.04123050719499588, -1.0, -1.0, 0.0, 0.0]","[0, 0, 0, 0, 1, 0, 1, 0, 0, 0, 0, 0, 0, 0]"
1682468249996325137,,78157,,1682468249,992798225,"""joystick""","[0.0, 0.0, 1.0, 0.03091525100171566, -1.0, -1.0, 0.0, 0.0]","[0, 0, 0, 0, 1, 0, 1, 0, 0, 0, 0, 0, 0, 0]"
1682468250025739868,,78158,,1682468250,21382964,"""joystick""","[0.0, 0.0, 1.0, 0.03091525100171566, -1.0, -1.0, 0.0, 0.0]","[0, 0, 0, 0, 1, 0, 1, 0, 0, 0, 0, 0, 0, 0]"
1682468250054013820,,78159,,1682468250,52082570,"""joystick""","[0.0, 0.0, 1.0, 0.03091525100171566, -1.0, -1.0, 0.0, 0.0]","[0, 0, 0, 0, 1, 0, 1, 0, 0, 0, 0, 0, 0, 0]"
1682468250086769861,,78160,,1682468250,85295959,"""joystick""","[0.0, 0.0, 1.0, 0.0, -1.0, -1.0, 0.0, 0.0]","[0, 0, 0, 0, 1, 0, 1, 0, 0, 0, 0, 0, 0, 0]"
1682468250120918490,,78161,,1682468250,118352131,"""joystick""","[0.0, 0.0, 1.0, 0.0, -1.0, -1.0, 0.0, 0.0]","[0, 0, 0, 0, 1, 0, 1, 0, 0, 0, 0, 0, 0, 0]"
1682468250167809219,,78162,,1682468250,166707641,"""joystick""","[0.0, 0.0, 0.0, 0.0, 0.0, -1.0, 0.0, 0.0]","[0, 0, 0, 0, 0, 0, 1, 0, 0, 0, 0, 0, 0, 0]"
1682468250206038333,,78163,,1682468250,203790121,"""joystick""","[0.0, 0.0, -1.0, 0.0, 0.0, -1.0, 0.0, 0.0]","[0, 0, 0, 0, 0, 0, 1, 0, 0, 0, 0, 0, 0, 0]"
1682468250220459616,,78164,,1682468250,218566159,"""joystick""","[0.0, 0.0, -1.0, 0.0, 0.0, -1.0, 0.0, 0.0]","[0, 0, 0, 0, 0, 0, 0, 0, 0, 0, 0, 0, 0, 0]"
1682468250255577822,,78165,,1682468250,252305664,"""joystick""","[0.0, 0.0, -1.0, 0.0, 0.0, -1.0, 0.0, 0.0]","[0, 0, 0, 0, 0, 0, 0, 0, 0, 0, 0, 0, 0, 0]"
1682468250286836921,,78166,,1682468250,285112138,"""joystick""","[0.0, 0.0, -1.0, 0.0, 0.0, -1.0, 0.0, 0.0]","[0, 0, 0, 0, 0, 0, 0, 0, 0, 0, 0, 0, 0, 0]"
1682468250322200250,,78167,,1682468250,318575961,"""joystick""","[0.0, 0.0, -1.0, 0.0, 0.0, -1.0, 0.0, 0.0]","[0, 0, 0, 0, 0, 0, 0, 0, 0, 0, 0, 0, 0, 0]"
1682468250353767160,,78168,,1682468250,351964423,"""joystick""","[0.0, 0.0, -1.0, 0.0, 0.0, -1.0, 0.0, 0.0]","[0, 0, 0, 0, 0, 0, 0, 0, 0, 0, 0, 0, 0, 0]"
1682468250389530108,,78169,,1682468250,385210420,"""joystick""","[0.0, 0.0, -1.0, 0.0, 0.0, -1.0, 0.0, 0.0]","[0, 0, 0, 0, 0, 0, 0, 0, 0, 0, 0, 0, 0, 0]"
1682468250422036994,,78170,,1682468250,418731204,"""joystick""","[0.0, 0.0, -1.0, 0.0, 0.0, -1.0, 0.0, 0.0]","[0, 0, 0, 0, 0, 0, 0, 0, 0, 0, 0, 0, 0, 0]"
1682468250454322407,,78171,,1682468250,451920849,"""joystick""","[0.0, 0.0, -1.0, 0.0, 0.0, -1.0, 0.0, 0.0]","[0, 0, 0, 0, 0, 0, 0, 0, 0, 0, 0, 0, 0, 0]"
1682468250490188012,,78172,,1682468250,485661315,"""joystick""","[0.0, 0.0, -1.0, 0.0, 0.0, -1.0, 0.0, 0.0]","[0, 0, 0, 0, 0, 0, 0, 0, 0, 0, 0, 0, 0, 0]"
1682468250523278487,,78173,,1682468250,518580109,"""joystick""","[0.0, 0.0, -1.0, 0.0, 0.0, -1.0, 0.0, 0.0]","[0, 0, 0, 0, 0, 0, 0, 0, 0, 0, 0, 0, 0, 0]"
1682468250554217072,,78174,,1682468250,551930587,"""joystick""","[0.0, 0.0, -1.0, 0.0, 0.0, -1.0, 0.0, 0.0]","[0, 0, 0, 0, 0, 0, 0, 0, 0, 0, 0, 0, 0, 0]"
1682468250588051842,,78175,,1682468250,585520779,"""joystick""","[0.0, 0.0, -1.0, 0.0, 0.0, -1.0, 0.0, 0.0]","[0, 0, 0, 0, 0, 0, 0, 0, 0, 0, 0, 0, 0, 0]"
1682468250619852450,,78176,,1682468250,618481910,"""joystick""","[0.0, 0.0, -1.0, 0.0, 0.0, -1.0, 0.0, 0.0]","[0, 0, 0, 0, 0, 0, 0, 0, 0, 0, 0, 0, 0, 0]"
1682468250654992705,,78177,,1682468250,651947365,"""joystick""","[0.0, 0.0, -1.0, 0.0, 0.0, -1.0, 0.0, 0.0]","[0, 0, 0, 0, 0, 0, 0, 0, 0, 0, 0, 0, 0, 0]"
1682468250686600159,,78178,,1682468250,685128722,"""joystick""","[0.0, 0.0, -1.0, 0.0, 0.0, -1.0, 0.0, 0.0]","[0, 0, 0, 0, 0, 0, 0, 0, 0, 0, 0, 0, 0, 0]"
1682468250721270009,,78179,,1682468250,718537024,"""joystick""","[0.0, 0.0, -1.0, 0.0, 0.0, -1.0, 0.0, 0.0]","[0, 0, 0, 0, 0, 0, 0, 0, 0, 0, 0, 0, 0, 0]"
1682468250753975234,,78180,,1682468250,752022544,"""joystick""","[0.0, 0.0, -1.0, 0.0, 0.0, -1.0, 0.0, 0.0]","[0, 0, 0, 0, 0, 0, 0, 0, 0, 0, 0, 0, 0, 0]"
1682468250787056877,,78181,,1682468250,785151164,"""joystick""","[0.0, 0.0, -1.0, 0.0, 0.0, -1.0, 0.0, 0.0]","[0, 0, 0, 0, 0, 0, 0, 0, 0, 0, 0, 0, 0, 0]"
1682468250820845951,,78182,,1682468250,818614795,"""joystick""","[0.0, 0.0, -1.0, 0.0, 0.0, -1.0, 0.0, 0.0]","[0, 0, 0, 0, 0, 0, 0, 0, 0, 0, 0, 0, 0, 0]"
1682468250853552168,,78183,,1682468250,851965145,"""joystick""","[0.0, 0.0, -1.0, 0.0, 0.0, -1.0, 0.0, 0.0]","[0, 0, 0, 0, 0, 0, 0, 0, 0, 0, 0, 0, 0, 0]"
1682468250887201593,,78184,,1682468250,885386280,"""joystick""","[0.0, 0.0, -1.0, 0.0, 0.0, -1.0, 0.0, 0.0]","[0, 0, 0, 0, 0, 0, 0, 0, 0, 0, 0, 0, 0, 0]"
1682468250923665763,,78185,,1682468250,918651926,"""joystick""","[0.0, 0.0, -1.0, 0.0, 0.0, -1.0, 0.0, 0.0]","[0, 0, 0, 0, 0, 0, 0, 0, 0, 0, 0, 0, 0, 0]"
1682468250954648796,,78186,,1682468250,951986724,"""joystick""","[0.0, 0.0, -1.0, 0.0, 0.0, -1.0, 0.0, 0.0]","[0, 0, 0, 0, 0, 0, 0, 0, 0, 0, 0, 0, 0, 0]"
1682468250989908507,,78187,,1682468250,985297809,"""joystick""","[0.0, 0.0, -1.0, 0.0, 0.0, -1.0, 0.0, 0.0]","[0, 0, 0, 0, 0, 0, 0, 0, 0, 0, 0, 0, 0, 0]"
1682468251022781253,,78188,,1682468251,18637535,"""joystick""","[0.0, 0.0, -1.0, 0.0, 0.0, -1.0, 0.0, 0.0]","[0, 0, 0, 0, 0, 0, 0, 0, 0, 0, 0, 0, 0, 0]"
1682468251054400835,,78189,,1682468251,52001454,"""joystick""","[0.0, 0.0, -1.0, 0.0, 0.0, -1.0, 0.0, 0.0]","[0, 0, 0, 0, 0, 0, 0, 0, 0, 0, 0, 0, 0, 0]"
1682468251089177023,,78190,,1682468251,85369884,"""joystick""","[0.0, 0.0, -1.0, 0.0, 0.0, -1.0, 0.0, 0.0]","[0, 0, 0, 0, 0, 0, 0, 0, 0, 0, 0, 0, 0, 0]"
1682468251122583213,,78191,,1682468251,118733354,"""joystick""","[0.0, 0.0, -1.0, 0.0, 0.0, -1.0, 0.0, 0.0]","[0, 0, 0, 0, 0, 0, 0, 0, 0, 0, 0, 0, 0, 0]"
1682468251154228268,,78192,,1682468251,152656254,"""joystick""","[0.0, 0.0, -1.0, 0.0, 0.0, -1.0, 0.0, 0.0]","[0, 0, 0, 0, 0, 0, 0, 0, 0, 0, 0, 0, 0, 0]"
1682468251186383599,,78193,,1682468251,185085028,"""joystick""","[0.0, 0.0, -1.0, 0.0, 0.0, -1.0, 0.0, 0.0]","[0, 0, 0, 0, 0, 0, 0, 0, 0, 0, 0, 0, 0, 0]"
1682468251223276830,,78194,,1682468251,218473810,"""joystick""","[0.0, 0.0, -1.0, 0.0, 0.0, -1.0, 0.0, 0.0]","[0, 0, 0, 0, 0, 0, 0, 0, 0, 0, 0, 0, 0, 0]"
1682468251253689617,,78195,,1682468251,251781664,"""joystick""","[0.0, 0.0, -1.0, 0.0, 0.0, -1.0, 0.0, 0.0]","[0, 0, 0, 0, 0, 0, 0, 0, 0, 0, 0, 0, 0, 0]"
1682468251288729519,,78196,,1682468251,285094094,"""joystick""","[0.0, 0.0, -1.0, 0.0, 0.0, -1.0, 0.0, 0.0]","[0, 0, 0, 0, 0, 0, 0, 0, 0, 0, 0, 0, 0, 0]"
1682468251324534259,,78197,,1682468251,318900224,"""joystick""","[0.0, 0.0, -1.0, 0.0, 0.0, -1.0, 0.0, 0.0]","[0, 0, 0, 0, 0, 0, 0, 0, 0, 0, 0, 0, 0, 0]"
1682468251355334378,,78198,,1682468251,351991820,"""joystick""","[0.0, 0.0, -1.0, 0.0, 0.0, -1.0, 0.0, 0.0]","[0, 0, 0, 0, 0, 0, 0, 0, 0, 0, 0, 0, 0, 0]"
1682468251390925997,,78199,,1682468251,385345754,"""joystick""","[0.0, 0.0, -1.0, 0.0, 0.0, -1.0, 0.0, 0.0]","[0, 0, 0, 0, 0, 0, 0, 0, 0, 0, 0, 0, 0, 0]"
1682468251423891927,,78200,,1682468251,418479526,"""joystick""","[0.0, 0.0, -1.0, 0.0, 0.0, -1.0, 0.0, 0.0]","[0, 0, 0, 0, 0, 0, 0, 0, 0, 0, 0, 0, 0, 0]"
1682468251453538660,,78201,,1682468251,451843253,"""joystick""","[0.0, 0.0, -1.0, 0.0, 0.0, -1.0, 0.0, 0.0]","[0, 0, 0, 0, 0, 0, 0, 0, 0, 0, 0, 0, 0, 0]"
1682468251488386368,,78202,,1682468251,485233155,"""joystick""","[0.0, 0.0, -1.0, 0.0, 0.0, -1.0, 0.0, 0.0]","[0, 0, 0, 0, 0, 0, 0, 0, 0, 0, 0, 0, 0, 0]"
1682468251522240818,,78203,,1682468251,518729523,"""joystick""","[0.0, 0.0, -1.0, 0.0, 0.0, -1.0, 0.0, 0.0]","[0, 0, 0, 0, 0, 0, 0, 0, 0, 0, 0, 0, 0, 0]"
1682468251557492114,,78204,,1682468251,552078113,"""joystick""","[0.0, 0.0, -1.0, 0.0, 0.0, -1.0, 0.0, 0.0]","[0, 0, 0, 0, 0, 0, 0, 0, 0, 0, 0, 0, 0, 0]"
1682468251587320832,,78205,,1682468251,585231725,"""joystick""","[0.0, 0.0, -1.0, 0.0, 0.0, -1.0, 0.0, 0.0]","[0, 0, 0, 0, 0, 0, 0, 0, 0, 0, 0, 0, 0, 0]"
1682468251621274004,,78206,,1682468251,618616252,"""joystick""","[0.0, 0.0, -1.0, 0.0, 0.0, -1.0, 0.0, 0.0]","[0, 0, 0, 0, 0, 0, 0, 0, 0, 0, 0, 0, 0, 0]"
1682468251653695482,,78207,,1682468251,652006122,"""joystick""","[0.0, 0.0, -1.0, 0.0, 0.0, -1.0, 0.0, 0.0]","[0, 0, 0, 0, 0, 0, 0, 0, 0, 0, 0, 0, 0, 0]"
1682468251686897510,,78208,,1682468251,685154647,"""joystick""","[0.0, 0.0, -1.0, 0.0, 0.0, -1.0, 0.0, 0.0]","[0, 0, 0, 0, 0, 0, 0, 0, 0, 0, 0, 0, 0, 0]"
1682468251722492361,,78209,,1682468251,718586501,"""joystick""","[0.0, 0.0, -1.0, 0.0, 0.0, -1.0, 0.0, 0.0]","[0, 0, 0, 0, 0, 0, 0, 0, 0, 0, 0, 0, 0, 0]"
1682468251753700196,,78210,,1682468251,751912083,"""joystick""","[0.0, 0.0, -1.0, 0.0, 0.0, -1.0, 0.0, 0.0]","[0, 0, 0, 0, 0, 0, 0, 0, 0, 0, 0, 0, 0, 0]"
1682468251788774913,,78211,,1682468251,785348290,"""joystick""","[0.0, 0.0, -1.0, 0.0, 0.0, -1.0, 0.0, 0.0]","[0, 0, 0, 0, 0, 0, 0, 0, 0, 0, 0, 0, 0, 0]"
1682468251822194896,,78212,,1682468251,818496079,"""joystick""","[0.0, 0.0, -1.0, 0.0, 0.0, -1.0, 0.0, 0.0]","[0, 0, 0, 0, 0, 0, 0, 0, 0, 0, 0, 0, 0, 0]"
1682468251857314638,,78213,,1682468251,851913822,"""joystick""","[0.0, 0.0, -1.0, 0.0, 0.0, -1.0, 0.0, 0.0]","[0, 0, 0, 0, 0, 0, 0, 0, 0, 0, 0, 0, 0, 0]"
1682468251890457147,,78214,,1682468251,885309644,"""joystick""","[0.0, 0.0, -1.0, 0.0, 0.0, -1.0, 0.0, 0.0]","[0, 0, 0, 0, 0, 0, 0, 0, 0, 0, 0, 0, 0, 0]"
1682468251923725704,,78215,,1682468251,918607930,"""joystick""","[0.0, 0.0, -1.0, 0.0, 0.0, -1.0, 0.0, 0.0]","[0, 0, 0, 0, 0, 0, 0, 0, 0, 0, 0, 0, 0, 0]"
1682468251954375486,,78216,,1682468251,952428940,"""joystick""","[0.0, 0.0, -1.0, 0.0, 0.0, -1.0, 0.0, 0.0]","[0, 0, 0, 0, 0, 0, 0, 0, 0, 0, 0, 0, 0, 0]"
1682468251987350633,,78217,,1682468251,985232533,"""joystick""","[0.0, 0.0, -1.0, 0.0, 0.0, -1.0, 0.0, 0.0]","[0, 0, 0, 0, 0, 0, 0, 0, 0, 0, 0, 0, 0, 0]"
1682468252021916098,,78218,,1682468252,18526371,"""joystick""","[0.0, 0.0, -1.0, 0.0, 0.0, -1.0, 0.0, 0.0]","[0, 0, 0, 0, 0, 0, 0, 0, 0, 0, 0, 0, 0, 0]"
1682468252055755924,,78219,,1682468252,51992402,"""joystick""","[0.0, 0.0, -1.0, 0.0, 0.0, -1.0, 0.0, 0.0]","[0, 0, 0, 0, 0, 0, 0, 0, 0, 0, 0, 0, 0, 0]"
1682468252088728223,,78220,,1682468252,85408097,"""joystick""","[0.0, 0.0, -1.0, 0.0, 0.0, -1.0, 0.0, 0.0]","[0, 0, 0, 0, 0, 0, 0, 0, 0, 0, 0, 0, 0, 0]"
1682468252122421777,,78221,,1682468252,118664655,"""joystick""","[0.0, 0.0, -1.0, 0.0, 0.0, -1.0, 0.0, 0.0]","[0, 0, 0, 0, 0, 0, 0, 0, 0, 0, 0, 0, 0, 0]"
1682468252154621812,,78222,,1682468252,151992765,"""joystick""","[0.0, 0.0, -1.0, 0.0, 0.0, -1.0, 0.0, 0.0]","[0, 0, 0, 0, 0, 0, 0, 0, 0, 0, 0, 0, 0, 0]"
1682468252186794360,,78223,,1682468252,185105385,"""joystick""","[0.0, 0.0, -1.0, 0.0, 0.0, -1.0, 0.0, 0.0]","[0, 0, 0, 0, 0, 0, 0, 0, 0, 0, 0, 0, 0, 0]"
1682468252221297328,,78224,,1682468252,218510071,"""joystick""","[0.0, 0.0, -1.0, 0.0, 0.0, -1.0, 0.0, 0.0]","[0, 0, 0, 0, 0, 0, 0, 0, 0, 0, 0, 0, 0, 0]"
1682468252252644333,,78225,,1682468252,251729444,"""joystick""","[0.0, 0.0, -1.0, 0.0, 0.0, -1.0, 0.0, 0.0]","[0, 0, 0, 0, 0, 0, 0, 0, 0, 0, 0, 0, 0, 0]"
1682468252287779083,,78226,,1682468252,285098675,"""joystick""","[0.0, 0.0, -1.0, 0.0, 0.0, -1.0, 0.0, 0.0]","[0, 0, 0, 0, 0, 0, 0, 0, 0, 0, 0, 0, 0, 0]"
1682468252322288164,,78227,,1682468252,318522881,"""joystick""","[0.0, 0.0, -1.0, 0.0, 0.0, -1.0, 0.0, 0.0]","[0, 0, 0, 0, 0, 0, 0, 0, 0, 0, 0, 0, 0, 0]"
1682468252353964451,,78228,,1682468252,351895760,"""joystick""","[0.0, 0.0, -1.0, 0.0, 0.0, -1.0, 0.0, 0.0]","[0, 0, 0, 0, 0, 0, 0, 0, 0, 0, 0, 0, 0, 0]"
1682468252387097039,,78229,,1682468252,385303487,"""joystick""","[0.0, 0.0, -1.0, 0.0, 0.0, -1.0, 0.0, 0.0]","[0, 0, 0, 0, 0, 0, 0, 0, 0, 0, 0, 0, 0, 0]"
1682468252420089690,,78230,,1682468252,418427083,"""joystick""","[0.0, 0.0, -1.0, 0.0, 0.0, -1.0, 0.0, 0.0]","[0, 0, 0, 0, 0, 0, 0, 0, 0, 0, 0, 0, 0, 0]"
1682468252452880227,,78231,,1682468252,451691192,"""joystick""","[0.0, 0.0, -1.0, 0.0, 0.0, -1.0, 0.0, 0.0]","[0, 0, 0, 0, 0, 0, 0, 0, 0, 0, 0, 0, 0, 0]"
1682468252488983530,,78232,,1682468252,485288265,"""joystick""","[0.0, 0.0, -1.0, 0.0, 0.0, -1.0, 0.0, 0.0]","[0, 0, 0, 0, 0, 0, 0, 0, 0, 0, 0, 0, 0, 0]"
1682468252520268550,,78233,,1682468252,518429493,"""joystick""","[0.0, 0.0, -1.0, 0.0, 0.0, -1.0, 0.0, 0.0]","[0, 0, 0, 0, 0, 0, 0, 0, 0, 0, 0, 0, 0, 0]"
1682468252554820255,,78234,,1682468252,551883652,"""joystick""","[0.0, 0.0, -1.0, 0.0, 0.0, -1.0, 0.0, 0.0]","[0, 0, 0, 0, 0, 0, 0, 0, 0, 0, 0, 0, 0, 0]"
1682468252589090293,,78235,,1682468252,585269651,"""joystick""","[0.0, 0.0, -1.0, 0.0, 0.0, -1.0, 0.0, 0.0]","[0, 0, 0, 0, 0, 0, 0, 0, 0, 0, 0, 0, 0, 0]"
1682468252620408817,,78236,,1682468252,618433695,"""joystick""","[0.0, 0.0, -1.0, 0.0, 0.0, -1.0, 0.0, 0.0]","[0, 0, 0, 0, 0, 0, 0, 0, 0, 0, 0, 0, 0, 0]"
1682468252653018744,,78237,,1682468252,651863534,"""joystick""","[0.0, 0.0, -1.0, 0.0, 0.0, -1.0, 0.0, 0.0]","[0, 0, 0, 0, 0, 0, 0, 0, 0, 0, 0, 0, 0, 0]"
1682468252686959884,,78238,,1682468252,685101787,"""joystick""","[0.0, 0.0, -1.0, 0.0, 0.0, -1.0, 0.0, 0.0]","[0, 0, 0, 0, 0, 0, 0, 0, 0, 0, 0, 0, 0, 0]"
1682468252721816936,,78239,,1682468252,718488522,"""joystick""","[0.0, 0.0, -1.0, 0.0, 0.0, -1.0, 0.0, 0.0]","[0, 0, 0, 0, 0, 0, 0, 0, 0, 0, 0, 0, 0, 0]"
1682468252755329655,,78240,,1682468252,752411229,"""joystick""","[0.0, 0.0, -1.0, 0.0, 0.0, -1.0, 0.0, 0.0]","[0, 0, 0, 0, 0, 0, 0, 0, 0, 0, 0, 0, 0, 0]"
1682468252787278169,,78241,,1682468252,785202086,"""joystick""","[0.0, 0.0, -1.0, 0.0, 0.0, -1.0, 0.0, 0.0]","[0, 0, 0, 0, 0, 0, 0, 0, 0, 0, 0, 0, 0, 0]"
1682468252821757425,,78242,,1682468252,818639989,"""joystick""","[0.0, 0.0, -1.0, 0.0, 0.0, -1.0, 0.0, 0.0]","[0, 0, 0, 0, 0, 0, 0, 0, 0, 0, 0, 0, 0, 0]"
1682468252852879691,,78243,,1682468252,851895746,"""joystick""","[0.0, 0.0, -1.0, 0.0, 0.0, -1.0, 0.0, 0.0]","[0, 0, 0, 0, 0, 0, 0, 0, 0, 0, 0, 0, 0, 0]"
1682468252886938240,,78244,,1682468252,885176880,"""joystick""","[0.0, 0.0, -1.0, 0.0, 0.0, -1.0, 0.0, 0.0]","[0, 0, 0, 0, 0, 0, 0, 0, 0, 0, 0, 0, 0, 0]"
1682468252919908011,,78245,,1682468252,918433469,"""joystick""","[0.0, 0.0, -1.0, 0.0, 0.0, -1.0, 0.0, 0.0]","[0, 0, 0, 0, 0, 0, 0, 0, 0, 0, 0, 0, 0, 0]"
1682468252953961599,,78246,,1682468252,951991341,"""joystick""","[0.0, 0.0, -1.0, 0.0, 0.0, -1.0, 0.0, 0.0]","[0, 0, 0, 0, 0, 0, 0, 0, 0, 0, 0, 0, 0, 0]"
1682468252989711747,,78247,,1682468252,985790368,"""joystick""","[0.0, 0.0, -1.0, 0.0, 0.0, -1.0, 0.0, 0.0]","[0, 0, 0, 0, 0, 0, 0, 0, 0, 0, 0, 0, 0, 0]"
1682468253021811974,,78248,,1682468253,18731306,"""joystick""","[0.0, 0.0, -1.0, 0.0, 0.0, -1.0, 0.0, 0.0]","[0, 0, 0, 0, 0, 0, 0, 0, 0, 0, 0, 0, 0, 0]"
1682468253052958560,,78249,,1682468253,51878615,"""joystick""","[0.0, 0.0, -1.0, 0.0, 0.0, -1.0, 0.0, 0.0]","[0, 0, 0, 0, 0, 0, 0, 0, 0, 0, 0, 0, 0, 0]"
1682468253086698002,,78250,,1682468253,85088740,"""joystick""","[0.0, 0.0, -1.0, 0.0, 0.0, -1.0, 0.0, 0.0]","[0, 0, 0, 0, 0, 0, 0, 0, 0, 0, 0, 0, 0, 0]"
1682468253122049234,,78251,,1682468253,118602163,"""joystick""","[0.0, 0.0, -1.0, 0.0, 0.0, -1.0, 0.0, 0.0]","[0, 0, 0, 0, 0, 0, 0, 0, 0, 0, 0, 0, 0, 0]"
1682468253154335319,,78252,,1682468253,152185060,"""joystick""","[0.0, 0.0, -1.0, 0.0, 0.0, -1.0, 0.0, 0.0]","[0, 0, 0, 0, 0, 0, 0, 0, 0, 0, 0, 0, 0, 0]"
1682468253187415043,,78253,,1682468253,185184367,"""joystick""","[0.0, 0.0, -1.0, 0.0, 0.0, -1.0, 0.0, 0.0]","[0, 0, 0, 0, 0, 0, 0, 0, 0, 0, 0, 0, 0, 0]"
1682468253219966538,,78254,,1682468253,218430940,"""joystick""","[0.0, 0.0, -1.0, 0.0, 0.0, -1.0, 0.0, 0.0]","[0, 0, 0, 0, 0, 0, 0, 0, 0, 0, 0, 0, 0, 0]"
1682468253252997365,,78255,,1682468253,251898795,"""joystick""","[0.0, 0.0, -1.0, 0.0, 0.0, -1.0, 0.0, 0.0]","[0, 0, 0, 0, 0, 0, 0, 0, 0, 0, 0, 0, 0, 0]"
1682468253287846993,,78256,,1682468253,285418203,"""joystick""","[0.0, 0.0, -1.0, 0.0, 0.0, -1.0, 0.0, 0.0]","[0, 0, 0, 0, 0, 0, 0, 0, 0, 0, 0, 0, 0, 0]"
1682468253322302857,,78257,,1682468253,318595527,"""joystick""","[0.0, 0.0, -1.0, 0.0, 0.0, -1.0, 0.0, 0.0]","[0, 0, 0, 0, 0, 0, 0, 0, 0, 0, 0, 0, 0, 0]"
1682468253354127433,,78258,,1682468253,351899285,"""joystick""","[0.0, 0.0, -1.0, 0.0, 0.0, -1.0, 0.0, 0.0]","[0, 0, 0, 0, 0, 0, 0, 0, 0, 0, 0, 0, 0, 0]"
1682468253387267414,,78259,,1682468253,385148323,"""joystick""","[0.0, 0.0, -1.0, 0.0, 0.0, -1.0, 0.0, 0.0]","[0, 0, 0, 0, 0, 0, 0, 0, 0, 0, 0, 0, 0, 0]"
1682468253420880134,,78260,,1682468253,418587314,"""joystick""","[0.0, 0.0, -1.0, 0.0, 0.0, -1.0, 0.0, 0.0]","[0, 0, 0, 0, 0, 0, 0, 0, 0, 0, 0, 0, 0, 0]"
1682468253455826243,,78261,,1682468253,451925024,"""joystick""","[0.0, 0.0, -1.0, 0.0, 0.0, -1.0, 0.0, 0.0]","[0, 0, 0, 0, 0, 0, 0, 0, 0, 0, 0, 0, 0, 0]"
1682468253488242313,,78262,,1682468253,485113388,"""joystick""","[0.0, 0.0, -1.0, 0.0, 0.0, -1.0, 0.0, 0.0]","[0, 0, 0, 0, 0, 0, 0, 0, 0, 0, 0, 0, 0, 0]"
1682468253521992859,,78263,,1682468253,518461755,"""joystick""","[0.0, 0.0, -1.0, 0.0, 0.0, -1.0, 0.0, 0.0]","[0, 0, 0, 0, 0, 0, 0, 0, 0, 0, 0, 0, 0, 0]"
1682468253557537629,,78264,,1682468253,552171052,"""joystick""","[0.0, 0.0, -1.0, 0.0, 0.0, -1.0, 0.0, 0.0]","[0, 0, 0, 0, 0, 0, 0, 0, 0, 0, 0, 0, 0, 0]"
1682468253587569293,,78265,,1682468253,585117783,"""joystick""","[0.0, 0.0, -1.0, 0.0, 0.0, -1.0, 0.0, 0.0]","[0, 0, 0, 0, 0, 0, 0, 0, 0, 0, 0, 0, 0, 0]"
1682468253620591768,,78266,,1682468253,618419396,"""joystick""","[0.0, 0.0, -1.0, 0.0, 0.0, -1.0, 0.0, 0.0]","[0, 0, 0, 0, 0, 0, 0, 0, 0, 0, 0, 0, 0, 0]"
1682468253653594179,,78267,,1682468253,651883764,"""joystick""","[0.0, 0.0, -1.0, 0.0, 0.0, -1.0, 0.0, 0.0]","[0, 0, 0, 0, 0, 0, 0, 0, 0, 0, 0, 0, 0, 0]"
1682468253686196939,,78268,,1682468253,685061376,"""joystick""","[0.0, 0.0, -1.0, 0.0, 0.0, -1.0, 0.0, 0.0]","[0, 0, 0, 0, 0, 0, 0, 0, 0, 0, 0, 0, 0, 0]"
1682468253721594667,,78269,,1682468253,718586416,"""joystick""","[0.0, 0.0, -1.0, 0.0, 0.0, -1.0, 0.0, 0.0]","[0, 0, 0, 0, 0, 0, 0, 0, 0, 0, 0, 0, 0, 0]"
1682468253754196787,,78270,,1682468253,751900830,"""joystick""","[0.0, 0.0, -1.0, 0.0, 0.0, -1.0, 0.0, 0.0]","[0, 0, 0, 0, 0, 0, 0, 0, 0, 0, 0, 0, 0, 0]"
1682468253786730810,,78271,,1682468253,785119499,"""joystick""","[0.0, 0.0, -1.0, 0.0, 0.0, -1.0, 0.0, 0.0]","[0, 0, 0, 0, 0, 0, 0, 0, 0, 0, 0, 0, 0, 0]"
